Facility,Issue
"2 Sisters Food Group Ltd, Flixton Poultry Processors","Facility '2 Sisters Food Group Ltd, Flixton Poultry Processors' not found"
"146 Charles Henry Street","Facility '146 Charles Henry Street' not found"
"1 Caralleena Park","Facility '1 Caralleena Park' not found"
"16 Manor Way Business Park","Year 2015 is not listed for this facility"
"2 Sisters Food Products Ltd","Facility '2 Sisters Food Products Ltd' not found"
"2 Sisters Red Meat Limited, Dowlais Slaughterhouse","Facility '2 Sisters Red Meat Limited, Dowlais Slaughterhouse' not found"
"1 Cowen Road","Facility '1 Cowen Road' not found"
"AES Kilroot Power Ltd","Facility 'AES Kilroot Power Ltd' not found"
"1-3 Edinburgh Place","Year 2015 is not listed for this facility"
"10","Year 2015 is not listed for this facility"
"4 - 10 Atcost Road","Facility '4 - 10 Atcost Road' not found"
"10 Quay West","Facility '10 Quay West' not found"
"100","Validation failed for 100

[100] Non Hazardous Recovery mismatch. Expected=3870, Actual=5800
[100] Non Hazardous Disposal mismatch. Expected=0, Actual=211"
"7-20 William Henry Street","Facility '7-20 William Henry Street' not found"
"A G Watson Motor Spares & Auto Salvage","Facilities results page failed to load"